listone_id,nome,ruolo,squadra,presenze,media_voto,media_fantavoto,gol_fatti,gol_subiti,rigori_segnati,rigori_tirati,rigori_parati,assist,ammonizioni,espulsioni
5585,Malen,A,Roma,30.74,6.46,8.14,17.38,0.00,2.46,3.22,0.00,5.25,1.89,0.09
2764,Martinez L.,A,Inter,30.69,6.43,8.10,16.29,0.00,0.32,0.60,0.00,5.57,1.88,0.10
4871,Thuram,A,Inter,28.82,6.27,7.80,13.41,0.00,0.00,0.00,0.00,3.49,2.32,0.09
6052,Hojlund,A,Napoli,29.75,6.29,7.67,10.96,0.00,0.42,0.42,0.00,4.91,1.82,0.10
6397,Ramos G.,A,Milan,28.35,6.31,7.58,11.17,0.00,0.00,0.00,0.00,4.29,1.57,0.10
5951,Kolo Muani,A,Juventus,29.64,6.26,7.51,12.28,0.00,0.71,0.81,0.00,2.39,2.02,0.08
2097,Kean,A,Fiorentina,31.83,6.17,7.38,12.45,0.00,0.73,0.93,0.00,2.10,3.31,0.09
6434,Yildiz,A,Juventus,31.76,6.27,7.33,9.41,0.00,0.35,0.76,0.00,3.71,1.77,0.09
7017,Douvikas,A,Como,25.05,6.10,7.14,8.00,0.00,0.22,0.36,0.00,2.41,1.81,0.09
2137,Scamacca,A,Atalanta,26.00,6.06,6.97,8.03,0.00,0.52,0.96,0.00,2.25,1.72,0.09
5637,Davis K.,A,Udinese,27.89,6.03,6.92,8.82,0.00,1.24,1.39,0.00,1.91,2.54,0.11
531,Berardi,A,Sassuolo,27.29,6.08,6.87,7.11,0.00,2.86,3.29,0.00,2.54,2.63,0.11
4510,Leao,A,Milan,26.33,6.06,6.87,7.66,0.00,0.24,0.46,0.00,2.67,1.86,0.09
5995,De Ketelaere,A,Atalanta,27.79,6.09,6.86,4.85,0.00,0.03,0.06,0.00,3.55,1.82,0.09
6435,Krstovic,A,Atalanta,27.02,6.05,6.81,7.55,0.00,0.38,1.08,0.00,2.87,2.10,0.10
4371,Raspadori,A,Atalanta,21.77,6.12,6.79,3.91,0.00,0.00,0.07,0.00,2.24,1.67,0.09
6060,Laurientè,A,Sassuolo,27.59,6.03,6.78,5.21,0.00,0.04,0.12,0.00,2.99,2.82,0.12
2061,Simeone,A,Torino,27.81,6.01,6.77,5.18,0.00,0.00,0.05,0.00,1.94,2.49,0.11
309,Dybala,A,Roma,24.25,6.11,6.74,4.38,0.00,0.59,1.74,0.00,2.70,1.51,0.10
7547,Kevin Carlos,A,Cagliari,24.40,6.06,6.74,5.38,0.00,0.00,0.00,0.00,1.62,2.23,0.10
7023,Pellegrino M.,A,Fiorentina,30.81,5.96,6.70,6.12,0.00,0.19,0.19,0.00,2.08,3.06,0.10
7351,Santos A.,A,Napoli,24.17,6.11,6.68,3.76,0.00,0.00,0.00,0.00,2.69,1.72,0.09
7071,Esposito F.P.,A,Inter,27.96,6.07,6.68,5.17,0.00,0.00,0.00,0.00,2.39,2.08,0.09
6572,Castro S.,A,Roma,26.54,6.07,6.66,4.57,0.00,0.00,0.14,0.00,2.38,1.60,0.11
7484,Adams A.,A,Venezia,18.45,6.01,6.66,4.47,0.00,0.00,0.00,0.00,1.03,1.46,0.10
2038,Pinamonti,A,Sassuolo,27.16,5.97,6.64,5.20,0.00,0.19,0.92,0.00,1.78,2.09,0.11
5734,Soulè,A,Roma,24.11,6.00,6.64,3.94,0.00,0.09,0.30,0.00,1.78,1.46,0.10
4463,Esposito Se.,A,Cagliari,26.92,6.06,6.64,4.55,0.00,0.20,0.43,0.00,1.88,2.77,0.10
6675,Dovbyk,A,Bologna,26.85,6.03,6.63,6.66,0.00,0.36,0.36,0.00,1.84,2.01,0.10
6967,Diao,A,Como,24.73,6.01,6.58,4.56,0.00,0.00,0.00,0.00,1.08,1.75,0.10
4728,Nkunku,A,Milan,22.54,6.06,6.56,3.54,0.00,0.36,1.47,0.00,2.64,1.69,0.09
7449,Rrahmani Al.,A,Venezia,11.93,6.01,6.54,1.80,0.00,0.00,0.00,0.00,0.43,1.32,0.10
5029,Geubbels,A,Lecce,21.32,5.98,6.52,2.84,0.00,0.00,0.00,0.00,0.64,1.51,0.10
7347,Bowie,A,Sassuolo,27.06,5.98,6.52,4.71,0.00,0.00,0.00,0.00,0.94,1.98,0.11
7554,Romero D.,A,Parma,19.39,5.96,6.50,3.82,0.00,0.00,0.00,0.00,0.80,1.52,0.11
2832,Boga,A,Juventus,14.87,5.98,6.50,1.67,0.00,0.00,0.00,0.00,0.92,1.50,0.10
5544,David,A,Juventus,20.61,5.94,6.47,3.51,0.00,0.00,0.28,0.00,1.34,1.53,0.09
4923,Colombo,A,Genoa,27.25,5.93,6.46,5.39,0.00,0.15,0.46,0.00,1.17,2.21,0.11
7313,Ratkov,A,Lazio,23.84,5.98,6.41,3.14,0.00,0.00,0.00,0.00,0.84,1.71,0.10
6229,Tourè E.,A,Parma,26.99,5.92,6.38,4.74,0.00,0.00,0.00,0.00,1.13,3.63,0.09
6164,Vitinha O.,A,Genoa,22.96,5.96,6.37,2.80,0.00,0.00,0.00,0.00,1.05,1.73,0.11
5918,Sulemana K.,A,Atalanta,12.27,6.00,6.36,1.36,0.00,0.00,0.00,0.00,0.81,1.63,0.09
5672,Dia,A,Lazio,24.65,5.90,6.35,3.57,0.00,0.01,0.09,0.00,1.05,1.69,0.10
6669,Bonny,A,Inter,15.10,5.97,6.34,1.98,0.00,0.03,0.18,0.00,0.83,1.54,0.10
6831,Neres,A,Napoli,15.95,5.97,6.34,1.85,0.00,0.00,0.00,0.00,1.12,1.52,0.10
5436,Raimondo,A,Frosinone,17.11,5.96,6.33,2.42,0.00,0.00,0.00,0.00,0.53,2.08,0.10
6646,Adams C.,A,Torino,25.66,5.87,6.33,4.28,0.00,0.00,0.09,0.00,0.95,1.60,0.09
6530,Ghedjemis,A,Frosinone,24.51,5.96,6.33,3.42,0.00,0.00,0.00,0.00,0.85,2.25,0.09
7252,Stulic,A,Lecce,19.27,5.89,6.31,2.27,0.00,0.19,0.26,0.00,0.75,1.69,0.08
6904,Yeboah J.,A,Venezia,23.77,5.92,6.30,2.53,0.00,0.00,0.00,0.00,1.06,2.18,0.09
4387,Adorante,A,Venezia,9.30,5.96,6.30,0.85,0.00,0.00,0.00,0.00,0.50,1.28,0.08
6519,Camarda,A,Milan,14.31,5.95,6.29,1.15,0.00,0.00,0.08,0.00,0.90,1.71,0.11
6556,Noslin,A,Lazio,16.71,5.89,6.29,1.76,0.00,0.00,0.00,0.00,0.94,1.77,0.10
4896,Maldini,A,Cagliari,15.94,5.93,6.27,1.56,0.00,0.00,0.00,0.00,0.82,1.65,0.11
608,Zapata D.,A,Torino,18.10,5.86,6.27,2.39,0.00,0.03,0.35,0.00,0.89,1.62,0.10
7008,Gimenez,A,Milan,16.02,5.91,6.26,1.44,0.00,0.00,0.08,0.00,0.97,1.68,0.09
6598,Mutandwa,A,Cagliari,18.05,5.88,6.25,2.55,0.00,0.00,0.00,0.00,0.59,2.26,0.08
7213,Frigan,A,Parma,11.32,5.99,6.25,0.83,0.00,0.00,0.00,0.00,0.58,1.87,0.08
2155,Cutrone,A,Monza,23.53,5.89,6.24,3.42,0.00,0.00,0.12,0.00,0.79,1.48,0.10
4359,Piccoli,A,Bologna,22.04,5.89,6.22,2.43,0.00,0.04,0.14,0.00,1.11,1.73,0.11
6643,Dallinga,A,Bologna,19.98,5.83,6.16,1.80,0.00,0.00,0.00,0.00,1.21,1.74,0.10
5882,Mota,A,Monza,16.56,5.88,6.10,1.15,0.00,0.00,0.00,0.00,1.00,1.51,0.09
6822,Ekhator,A,Juventus,13.85,5.90,6.03,0.55,0.00,0.00,0.00,0.00,0.96,1.76,0.10
6204,Kvernadze,A,Frosinone,14.04,5.92,5.99,0.85,0.00,0.00,0.00,0.00,0.55,2.05,0.09
7272,Gueye,A,Udinese,10.69,5.90,5.97,0.45,0.00,0.00,0.00,0.00,0.76,1.74,0.09
7128,Kuhn,A,Como,10.34,5.84,5.96,0.39,0.00,0.00,0.00,0.00,0.98,1.34,0.09
7453,Havel,A,Genoa,10.44,5.87,5.95,0.67,0.00,0.00,0.00,0.00,0.56,1.38,0.08
7349,Kulenovic,A,Torino,13.48,5.81,5.95,0.74,0.00,0.00,0.00,0.00,0.55,1.70,0.09
7120,Lang,A,Napoli,14.53,5.84,5.94,0.52,0.00,0.00,0.00,0.00,0.91,1.69,0.09
313,Morata,A,Como,14.42,5.82,5.93,0.59,0.00,0.01,0.21,0.00,1.04,1.58,0.10
7162,Giovane,A,Napoli,13.82,5.89,5.93,0.58,0.00,0.00,0.00,0.00,1.07,1.71,0.09
7342,Elphege,A,Parma,14.18,5.88,5.92,0.50,0.00,0.00,0.00,0.00,0.77,1.94,0.08
6215,Lucca,A,Napoli,14.07,5.84,5.91,0.56,0.00,0.02,0.14,0.00,0.99,1.75,0.10
7374,Mendy P.,A,Cagliari,10.40,5.79,5.87,0.61,0.00,0.00,0.00,0.00,0.41,1.38,0.09
6981,Vaz,A,Roma,9.58,5.85,5.87,0.32,0.00,0.00,0.00,0.00,0.84,1.41,0.09
6243,Borrelli,A,Cagliari,14.64,5.80,5.87,0.71,0.00,0.00,0.00,0.00,0.73,1.74,0.09
7523,Varela G.,A,Monza,7.17,5.83,5.86,0.30,0.00,0.00,0.00,0.00,0.44,0.89,0.08
7546,Robinson J.,A,Monza,8.21,5.83,5.86,0.49,0.00,0.00,0.00,0.00,0.35,1.21,0.08
7027,Azon,A,Como,7.35,5.91,5.86,0.31,0.00,0.00,0.00,0.00,0.71,1.23,0.08
7338,Albarracin,A,Cagliari,7.14,5.87,5.84,0.34,0.00,0.00,0.00,0.00,0.32,1.03,0.09
7001,N'Dri,A,Lecce,14.12,5.79,5.84,0.55,0.00,0.00,0.00,0.00,0.68,1.69,0.10
7249,Buksa,A,Udinese,10.67,5.82,5.83,0.36,0.00,0.00,0.00,0.00,1.05,1.56,0.09
7161,Bayo V.,A,Udinese,9.88,5.81,5.82,0.35,0.00,0.00,0.00,0.00,0.88,1.41,0.09
7482,Lauberbach,A,Venezia,6.67,5.82,5.81,0.29,0.00,0.00,0.00,0.00,0.43,0.86,0.08
7158,Moro L.,A,Sassuolo,9.74,5.77,5.80,0.36,0.00,0.00,0.00,0.00,0.52,1.39,0.09
7317,Trepy,A,Cagliari,8.70,5.78,5.77,0.33,0.00,0.00,0.00,0.00,0.42,1.07,0.09
7408,Lisman,A,Venezia,5.99,5.80,5.75,0.26,0.00,0.00,0.00,0.00,0.33,0.82,0.08
383,Petagna,A,Monza,10.29,5.77,5.74,0.38,0.00,0.01,0.05,0.00,0.56,1.43,0.09
2194,Calhanoglu,C,Inter,31.02,6.34,7.33,10.41,0.00,3.13,4.00,0.00,4.50,5.22,0.12
4777,McTominay,C,Napoli,32.55,6.31,7.31,11.76,0.00,0.00,0.25,0.00,3.51,2.44,0.10
2167,Orsolini,C,Bologna,30.30,6.27,7.28,12.08,0.00,2.12,2.95,0.00,3.16,2.82,0.13
6875,Paz N.,C,Como,31.00,6.34,7.26,10.84,0.00,0.00,0.84,0.00,3.83,3.78,0.13
2423,Pulisic,C,Milan,29.11,6.26,7.23,10.95,0.00,0.62,1.22,0.00,3.76,1.95,0.11
2379,Rabiot,C,Milan,34.09,6.29,7.21,7.50,0.00,0.00,0.00,0.00,3.94,3.55,0.11
7126,Baturina,C,Como,29.77,6.26,6.89,4.92,0.00,0.00,0.00,0.00,3.44,1.79,0.10
2517,De Bruyne,C,Napoli,28.18,6.22,6.82,4.19,0.00,0.76,1.15,0.00,2.11,2.27,0.12
2766,Zaniolo,C,Udinese,30.26,6.19,6.79,5.77,0.00,0.00,0.00,0.00,2.33,4.07,0.10
5559,Da Cunha,C,Como,33.36,6.23,6.72,4.39,0.00,1.37,1.58,0.00,3.07,4.08,0.11
6908,Atta,C,Fiorentina,32.46,6.14,6.71,4.98,0.00,0.00,0.00,0.00,2.58,3.73,0.12
1870,Barella,C,Inter,33.69,6.23,6.69,3.99,0.00,0.00,0.00,0.00,3.19,4.01,0.11
632,Zaccagni,C,Lazio,32.63,6.19,6.68,4.21,0.00,0.30,0.35,0.00,3.21,5.11,0.13
4973,McKennie,C,Juventus,32.93,6.13,6.63,4.92,0.00,0.00,0.00,0.00,2.82,3.68,0.11
5687,Vlasic,C,Torino,34.08,6.09,6.60,4.80,0.00,1.04,1.11,0.00,2.33,4.53,0.15
6884,Conceicao,C,Juventus,24.96,6.04,6.56,3.50,0.00,0.00,0.00,0.00,2.03,2.29,0.10
7314,Taylor K.,C,Lazio,31.24,6.16,6.54,3.18,0.00,0.00,0.00,0.00,2.24,3.43,0.16
5800,Gudmundsson A.,C,Fiorentina,29.75,6.09,6.53,4.26,0.00,0.50,0.73,0.00,2.22,3.60,0.12
7129,Rodriguez Je.,C,Como,24.47,6.09,6.52,2.84,0.00,0.00,0.00,0.00,2.42,1.78,0.10
7078,Mastantuono,C,Fiorentina,28.26,6.13,6.51,3.04,0.00,0.00,0.00,0.00,1.68,3.48,0.14
7436,Alajbegovic,C,Juventus,24.94,6.14,6.49,2.58,0.00,0.00,0.00,0.00,1.86,2.78,0.12
5119,Samardzic,C,Atalanta,24.73,6.08,6.48,3.26,0.00,0.02,0.02,0.00,2.21,2.56,0.10
5792,Ederson D.S.,C,Atalanta,29.95,6.13,6.40,2.96,0.00,0.05,0.13,0.00,2.09,3.23,0.12
4220,Zambo Anguissa,C,Napoli,29.81,6.07,6.37,2.48,0.00,0.00,0.00,0.00,1.61,2.90,0.13
2606,Modric,C,Milan,30.27,6.15,6.36,2.19,0.00,0.00,0.00,0.00,2.34,3.88,0.12
6844,Rowe,C,Bologna,26.25,6.02,6.32,2.85,0.00,0.00,0.00,0.00,1.59,2.52,0.11
536,Politano,C,Napoli,27.46,6.08,6.31,2.17,0.00,0.04,0.06,0.00,1.40,2.99,0.10
152,Zielinski,C,Inter,26.02,6.07,6.31,1.92,0.00,0.14,0.14,0.00,1.37,2.53,0.11
530,Pellegrini Lo.,C,Roma,21.94,6.02,6.30,2.10,0.00,0.28,0.34,0.00,1.66,2.75,0.14
5888,Casadei,C,Torino,28.73,6.01,6.27,2.47,0.00,0.00,0.00,0.00,0.89,4.44,0.11
5823,Baldanzi,C,Genoa,26.73,6.05,6.27,2.06,0.00,0.00,0.00,0.00,2.06,2.73,0.12
6684,Ekkelenkamp,C,Udinese,27.53,5.98,6.27,2.43,0.00,0.00,0.00,0.00,1.00,3.29,0.12
184,Bernardeschi,C,Bologna,21.92,6.00,6.27,1.72,0.00,0.04,0.04,0.00,1.34,3.40,0.14
6274,Diouf,C,Inter,22.79,6.05,6.27,1.16,0.00,0.00,0.00,0.00,1.61,2.12,0.12
6398,Isaksen,C,Lazio,22.73,5.99,6.25,1.43,0.00,0.00,0.00,0.00,1.44,3.51,0.13
6678,Liberali,C,Como,18.90,6.00,6.24,0.80,0.00,0.00,0.00,0.00,1.13,1.82,0.12
5500,Cancellieri,C,Lazio,23.85,6.01,6.24,1.56,0.00,0.00,0.00,0.00,1.24,3.84,0.14
5844,Thorstvedt,C,Sassuolo,30.69,5.97,6.23,2.50,0.00,0.00,0.00,0.00,1.13,5.20,0.12
7357,Lahdo,C,Como,4.45,6.08,6.23,0.21,0.00,0.00,0.00,0.00,0.27,0.83,0.09
7070,Sucic P.,C,Inter,26.41,6.02,6.23,1.32,0.00,0.00,0.00,0.00,1.68,2.68,0.09
7223,Vergara,C,Napoli,20.89,6.04,6.22,1.12,0.00,0.00,0.00,0.00,1.10,2.05,0.11
6503,Stankovic A.,C,Inter,9.29,5.98,6.20,0.22,0.00,0.00,0.00,0.00,0.36,1.16,0.10
2765,Odgaard,C,Bologna,20.79,5.93,6.20,1.39,0.00,0.00,0.00,0.00,1.04,2.54,0.13
4436,Cambiaghi,C,Bologna,23.85,5.95,6.19,1.29,0.00,0.00,0.00,0.00,1.28,2.52,0.11
2848,Frattesi,C,Lazio,25.34,5.97,6.18,1.00,0.00,0.00,0.00,0.00,1.23,3.32,0.18
6783,Unai Gomez,C,Udinese,21.21,6.00,6.18,0.70,0.00,0.00,0.00,0.00,1.01,2.92,0.11
2077,Pasalic,C,Atalanta,26.23,5.99,6.18,1.67,0.00,0.03,0.06,0.00,1.13,2.73,0.13
5878,Colpani,C,Monza,23.19,5.96,6.18,1.28,0.00,0.00,0.00,0.00,1.52,3.01,0.12
5562,Thuram K.,C,Juventus,27.70,6.03,6.17,1.55,0.00,0.00,0.00,0.00,1.36,2.11,0.12
1933,Mandragora,C,Fiorentina,25.62,5.96,6.16,1.46,0.00,0.11,0.12,0.00,1.46,5.31,0.13
6218,Oristanio,C,Torino,25.05,5.91,6.16,0.89,0.00,0.00,0.00,0.00,1.15,3.60,0.14
5589,Konè M.,C,Roma,31.66,6.07,6.14,1.79,0.00,0.00,0.00,0.00,1.23,2.90,0.11
6151,Perrone,C,Como,29.75,6.05,6.14,1.57,0.00,0.00,0.00,0.00,1.50,4.32,0.12
4892,Saelemaekers,C,Milan,28.69,5.99,6.14,1.91,0.00,0.00,0.00,0.00,1.86,3.11,0.10
7345,Przyborek,C,Lazio,4.78,6.01,6.13,0.20,0.00,0.00,0.00,0.00,0.29,0.93,0.12
6717,Konè I.,C,Sassuolo,29.39,5.95,6.12,1.72,0.00,0.00,0.00,0.00,0.87,3.12,0.11
5735,Volpato,C,Sassuolo,23.66,5.91,6.12,0.85,0.00,0.00,0.00,0.00,1.60,3.23,0.14
7412,Milla,C,Como,14.27,5.99,6.11,0.38,0.00,0.00,0.00,0.00,0.85,1.78,0.09
7551,Schmid,C,Frosinone,29.59,5.95,6.11,1.16,0.00,0.00,0.00,0.00,1.41,4.18,0.13
4364,Gaetano,C,Atalanta,23.34,5.97,6.10,0.91,0.00,0.01,0.01,0.00,1.53,2.80,0.12
7036,Bakola,C,Sassuolo,19.23,5.92,6.10,0.35,0.00,0.00,0.00,0.00,0.81,2.17,0.15
6010,Fazzini,C,Cagliari,23.94,5.90,6.09,0.80,0.00,0.00,0.00,0.00,1.21,3.03,0.14
6294,Ndour,C,Fiorentina,28.25,5.94,6.09,1.19,0.00,0.00,0.00,0.00,1.12,3.00,0.12
5858,Ferguson,C,Bologna,26.79,5.97,6.08,0.83,0.00,0.01,0.01,0.00,1.40,4.38,0.12
6980,Venturino,C,Genoa,5.67,5.88,6.08,0.24,0.00,0.00,0.00,0.00,0.42,0.89,0.13
7060,Cacciamani,C,Torino,21.14,5.94,6.07,0.36,0.00,0.00,0.00,0.00,0.79,2.65,0.17
2741,Pessina,C,Monza,29.59,5.94,6.07,0.99,0.00,0.04,0.11,0.00,1.09,4.42,0.15
6666,Bernabè,C,Parma,28.02,5.96,6.07,0.80,0.00,0.00,0.00,0.00,1.44,2.83,0.12
4287,Lobotka,C,Napoli,26.31,6.00,6.06,0.76,0.00,0.00,0.00,0.00,1.03,2.96,0.12
4465,Fagioli,C,Fiorentina,27.55,5.97,6.04,1.05,0.00,0.00,0.00,0.00,1.75,4.65,0.13
7472,Calò,C,Frosinone,30.44,5.94,6.04,0.87,0.00,0.00,0.00,0.00,1.35,4.11,0.13
7127,Addai,C,Como,14.62,5.92,6.04,0.49,0.00,0.00,0.00,0.00,0.60,2.00,0.11
6677,Adzic,C,Sassuolo,17.34,5.84,6.03,0.50,0.00,0.00,0.00,0.00,0.69,2.28,0.13
5946,Sow,C,Genoa,18.95,5.94,6.03,0.67,0.00,0.00,0.00,0.00,0.91,2.06,0.13
779,Cristante,C,Roma,29.17,5.97,6.02,1.08,0.00,0.00,0.01,0.00,1.25,4.57,0.12
827,Locatelli,C,Juventus,30.85,5.98,6.01,0.89,0.00,0.01,0.04,0.00,1.66,6.37,0.11
4856,Chukwueze,C,Milan,19.19,5.86,6.01,0.75,0.00,0.00,0.00,0.00,0.71,1.71,0.14
5761,Zhegrova,C,Juventus,21.51,5.88,6.01,0.89,0.00,0.00,0.00,0.00,1.06,2.17,0.12
6190,Pisilli,C,Roma,19.42,5.90,6.00,0.55,0.00,0.00,0.00,0.00,0.73,2.66,0.11
5422,Zalewski,C,Atalanta,23.75,5.91,5.99,0.79,0.00,0.00,0.00,0.00,1.01,2.17,0.11
5301,Luis Henrique,C,Inter,18.22,5.89,5.99,0.29,0.00,0.00,0.00,0.00,0.92,1.58,0.09
2529,Mkhitaryan,C,Inter,21.07,5.91,5.98,0.48,0.00,0.00,0.00,0.00,0.96,3.08,0.10
7528,Amondarain,C,Bologna,15.81,5.81,5.98,0.41,0.00,0.00,0.00,0.00,0.41,2.04,0.14
4459,Rovella,C,Lazio,24.57,5.90,5.97,0.69,0.00,0.00,0.00,0.00,0.94,3.25,0.14
5298,Pobega,C,Bologna,21.17,5.83,5.96,0.87,0.00,0.00,0.00,0.00,0.68,3.18,0.12
5791,Frendrup,C,Genoa,30.30,5.95,5.95,0.61,0.00,0.00,0.00,0.00,0.94,4.37,0.13
6593,Akinsanmiro,C,Monza,28.96,5.88,5.95,0.92,0.00,0.00,0.00,0.00,1.07,3.55,0.12
5036,Caqueret,C,Como,23.99,5.89,5.94,0.69,0.00,0.00,0.00,0.00,0.96,2.22,0.10
7464,Oulai,C,Fiorentina,19.45,5.92,5.94,0.57,0.00,0.00,0.00,0.00,0.69,3.23,0.11
6020,Ellertsson,C,Genoa,27.37,5.87,5.93,0.68,0.00,0.00,0.00,0.00,0.89,3.00,0.12
7208,Miller L.,C,Udinese,14.11,5.88,5.93,0.26,0.00,0.00,0.00,0.00,0.51,1.78,0.11
5131,Gilmour,C,Napoli,10.45,5.87,5.93,0.23,0.00,0.00,0.00,0.00,0.34,1.21,0.11
6191,Belahyane,C,Lazio,6.59,5.82,5.93,0.26,0.00,0.00,0.00,0.00,0.38,1.36,0.19
4349,Nicolussi Caviglia,C,Parma,26.76,5.91,5.93,0.64,0.00,0.00,0.00,0.00,1.02,4.06,0.13
4260,Winks,C,Cagliari,24.18,5.81,5.92,0.72,0.00,0.00,0.00,0.00,0.78,2.50,0.14
6252,Folorunsho,C,Napoli,16.73,5.88,5.92,0.26,0.00,0.00,0.00,0.00,0.66,1.82,0.12
7477,Colombo L.,C,Monza,7.40,5.84,5.92,0.25,0.00,0.00,0.00,0.00,0.27,1.19,0.12
5674,Basic,C,Venezia,27.21,5.85,5.91,0.72,0.00,0.00,0.00,0.00,0.88,3.74,0.15
6680,Karlstrom,C,Udinese,29.79,5.90,5.90,0.62,0.00,0.00,0.00,0.00,0.79,4.53,0.13
6024,Sulemana I.,C,Atalanta,6.35,5.87,5.90,0.24,0.00,0.00,0.00,0.00,0.26,1.00,0.13
5507,Busio,C,Venezia,27.92,5.84,5.90,0.58,0.00,0.00,0.00,0.00,0.86,4.92,0.14
7203,Jashari,C,Milan,14.85,5.85,5.90,0.31,0.00,0.00,0.00,0.00,0.65,1.44,0.12
6054,Moro N.,C,Bologna,17.35,5.83,5.90,0.26,0.00,0.00,0.00,0.00,0.69,2.04,0.14
6903,Hasa,C,Frosinone,5.95,5.82,5.90,0.24,0.00,0.00,0.00,0.00,0.26,1.07,0.11
7276,Cremaschi,C,Parma,6.88,5.84,5.89,0.21,0.00,0.00,0.00,0.00,0.42,1.08,0.14
7481,Dagasso,C,Venezia,5.96,5.82,5.88,0.24,0.00,0.00,0.00,0.00,0.26,1.06,0.11
6629,Dele-Bashiru,C,Lazio,23.17,5.81,5.87,0.45,0.00,0.00,0.00,0.00,0.96,2.32,0.16
6225,El Azzouzi O.,C,Bologna,6.23,5.83,5.87,0.21,0.00,0.00,0.00,0.00,0.29,1.39,0.12
4686,Fofana Y.,C,Milan,23.41,5.85,5.87,0.48,0.00,0.00,0.00,0.00,0.82,3.24,0.11
2857,Traorè Hj.,C,Genoa,17.95,5.82,5.86,0.48,0.00,0.00,0.00,0.00,0.71,1.50,0.16
6827,Njie,C,Torino,13.52,5.79,5.86,0.28,0.00,0.00,0.00,0.00,0.50,1.60,0.14
6271,El Aynaoui,C,Roma,19.02,5.87,5.86,0.30,0.00,0.00,0.00,0.00,0.94,2.46,0.10
7198,Piotrowski,C,Udinese,24.12,5.84,5.85,0.50,0.00,0.00,0.00,0.00,0.81,2.67,0.10
6549,Pierotti,C,Lecce,27.51,5.79,5.85,0.71,0.00,0.00,0.00,0.00,0.97,3.40,0.14
7473,Cichella,C,Frosinone,15.24,5.81,5.85,0.26,0.00,0.00,0.00,0.00,0.53,1.76,0.11
6015,Berisha M.,C,Lecce,19.71,5.74,5.85,0.39,0.00,0.00,0.00,0.00,0.86,2.25,0.12
6640,Felici,C,Cagliari,17.01,5.76,5.84,0.43,0.00,0.00,0.00,0.00,0.58,1.81,0.15
4870,Adopo,C,Cagliari,28.70,5.80,5.84,0.70,0.00,0.00,0.00,0.00,0.79,4.05,0.15
5504,Coulibaly L.,C,Lecce,29.24,5.82,5.84,0.63,0.00,0.00,0.00,0.00,0.69,3.26,0.15
6170,Gineitis,C,Torino,23.10,5.84,5.84,0.44,0.00,0.00,0.00,0.00,0.91,4.11,0.16
6005,Ilkhan,C,Torino,16.22,5.79,5.84,0.26,0.00,0.00,0.00,0.00,0.51,1.90,0.14
5685,Koopmeiners,C,Juventus,24.10,5.85,5.84,0.51,0.00,0.02,0.07,0.00,1.07,3.49,0.10
5813,Miretti,C,Juventus,10.99,5.83,5.84,0.30,0.00,0.00,0.00,0.00,0.39,1.31,0.12
7248,Gorter,C,Lecce,6.41,5.74,5.83,0.21,0.00,0.00,0.00,0.00,0.41,0.99,0.12
6206,Fabbian,C,Fiorentina,12.71,5.80,5.83,0.25,0.00,0.00,0.00,0.00,0.43,1.72,0.13
5295,Musah,C,Milan,6.86,5.82,5.83,0.20,0.00,0.00,0.00,0.00,0.47,1.14,0.15
4911,Douglas Luiz,C,Juventus,17.91,5.86,5.83,0.33,0.00,0.00,0.00,0.00,0.88,1.97,0.10
6246,Lipani,C,Sassuolo,7.36,5.77,5.83,0.26,0.00,0.00,0.00,0.00,0.42,1.31,0.13
526,Duncan,C,Venezia,8.94,5.84,5.82,0.26,0.00,0.00,0.00,0.00,0.53,1.50,0.13
4970,Messias,C,Genoa,8.55,5.76,5.82,0.22,0.00,0.03,0.06,0.00,0.32,1.16,0.15
2528,Matic,C,Sassuolo,27.93,5.80,5.82,0.43,0.00,0.00,0.00,0.00,0.81,4.69,0.13
5872,Helgason,C,Venezia,10.09,5.78,5.82,0.24,0.00,0.00,0.00,0.00,0.47,1.62,0.14
6815,Fadera,C,Como,6.78,5.85,5.82,0.22,0.00,0.00,0.00,0.00,0.32,1.44,0.10
4199,Loftus-Cheek,C,Milan,14.94,5.82,5.82,0.24,0.00,0.00,0.00,0.00,0.54,1.22,0.15
5880,Ciurria,C,Monza,8.83,5.81,5.81,0.24,0.00,0.00,0.00,0.00,0.43,1.48,0.14
7418,Chakvetadze,C,Udinese,5.21,5.78,5.81,0.17,0.00,0.00,0.00,0.00,0.22,1.00,0.10
7392,Camara A.,C,Udinese,4.89,5.80,5.81,0.17,0.00,0.00,0.00,0.00,0.22,0.95,0.12
5725,Kone B.,C,Frosinone,5.90,5.81,5.81,0.20,0.00,0.00,0.00,0.00,0.26,1.02,0.14
5453,Ricci S.,C,Milan,16.48,5.84,5.80,0.26,0.00,0.00,0.00,0.00,0.58,1.74,0.11
7409,Meichtry,C,Genoa,17.17,5.82,5.80,0.31,0.00,0.00,0.00,0.00,0.64,1.95,0.13
4947,Brescianini,C,Fiorentina,8.12,5.76,5.80,0.21,0.00,0.00,0.00,0.00,0.31,1.28,0.11
6241,Gelli F.,C,Frosinone,12.05,5.84,5.80,0.20,0.00,0.00,0.00,0.00,0.55,1.84,0.12
6506,Fini ,C,Frosinone,12.65,5.78,5.80,0.21,0.00,0.00,0.00,0.00,0.49,1.54,0.15
7322,Ngom,C,Lecce,16.64,5.73,5.80,0.21,0.00,0.00,0.00,0.00,0.64,1.53,0.13
6994,Perez K.,C,Venezia,26.05,5.83,5.80,0.52,0.00,0.00,0.00,0.00,1.25,4.30,0.13
333,Cataldi,C,Lazio,19.21,5.84,5.79,0.25,0.00,0.08,0.09,0.00,0.68,2.95,0.14
7157,Iannoni,C,Sassuolo,6.40,5.76,5.79,0.20,0.00,0.00,0.00,0.00,0.29,1.15,0.12
6917,Masini,C,Frosinone,8.47,5.78,5.79,0.24,0.00,0.00,0.00,0.00,0.46,2.06,0.11
7138,Ordonez C.,C,Parma,6.91,5.83,5.79,0.18,0.00,0.00,0.00,0.00,0.40,1.20,0.13
7474,Koutsoupias,C,Frosinone,16.26,5.78,5.78,0.23,0.00,0.00,0.00,0.00,0.54,1.94,0.11
6898,Keita M.,C,Parma,23.58,5.82,5.78,0.33,0.00,0.00,0.00,0.00,0.65,1.89,0.16
6895,Dominguez B.,C,Sassuolo,12.26,5.73,5.78,0.23,0.00,0.00,0.00,0.00,0.36,1.52,0.15
6212,Zarraga,C,Udinese,7.19,5.77,5.77,0.22,0.00,0.00,0.00,0.00,0.44,1.26,0.17
7165,Liteta,C,Cagliari,6.48,5.72,5.77,0.16,0.00,0.00,0.00,0.00,0.40,1.06,0.15
5998,Zerbin,C,Frosinone,27.20,5.80,5.77,0.49,0.00,0.00,0.00,0.00,0.92,3.48,0.12
6207,Almqvist,C,Parma,18.89,5.78,5.77,0.26,0.00,0.00,0.00,0.00,0.80,2.40,0.20
22,De Roon,C,Atalanta,19.10,5.85,5.77,0.26,0.00,0.00,0.00,0.00,0.58,2.66,0.12
7456,El Azzouzi A.,C,Frosinone,5.77,5.80,5.77,0.20,0.00,0.00,0.00,0.00,0.25,1.06,0.12
5319,Sohm,C,Venezia,26.95,5.82,5.76,0.47,0.00,0.00,0.00,0.00,0.91,3.51,0.13
7318,Gandelman,C,Lecce,22.03,5.73,5.76,0.33,0.00,0.00,0.00,0.00,0.68,1.82,0.12
7550,Grillitsch,C,Frosinone,26.48,5.78,5.76,0.39,0.00,0.00,0.00,0.00,0.87,3.36,0.13
6219,Boloca,C,Sassuolo,7.28,5.73,5.76,0.21,0.00,0.00,0.00,0.00,0.39,1.48,0.15
5007,Ilic,C,Torino,7.20,5.76,5.75,0.18,0.00,0.00,0.00,0.00,0.39,1.41,0.15
7183,Aboukhlal,C,Torino,9.37,5.78,5.75,0.22,0.00,0.00,0.00,0.00,0.46,1.90,0.14
7535,Fitz-Jim,C,Torino,13.78,5.76,5.74,0.22,0.00,0.00,0.00,0.00,0.60,1.71,0.13
6889,Anjorin,C,Torino,7.17,5.73,5.74,0.21,0.00,0.00,0.00,0.00,0.42,1.34,0.15
7341,Amorim,C,Genoa,15.72,5.76,5.74,0.18,0.00,0.00,0.00,0.00,0.63,1.46,0.14
6424,Prati,C,Cagliari,12.39,5.74,5.73,0.21,0.00,0.00,0.00,0.00,0.65,2.55,0.13
5457,Maleh,C,Lecce,7.30,5.72,5.72,0.21,0.00,0.00,0.00,0.00,0.42,1.29,0.15
7319,Fofana Sa.,C,Lecce,6.08,5.69,5.72,0.16,0.00,0.00,0.00,0.00,0.37,0.98,0.14
7209,Sorensen O.,C,Parma,12.28,5.79,5.72,0.16,0.00,0.00,0.00,0.00,0.30,1.24,0.14
6410,Kaba,C,Lecce,7.03,5.69,5.71,0.21,0.00,0.00,0.00,0.00,0.44,1.16,0.15
1871,Deiola,C,Cagliari,10.62,5.76,5.70,0.21,0.00,0.00,0.00,0.00,0.35,2.08,0.15
7311,Romano,C,Cagliari,19.34,5.69,5.69,0.31,0.00,0.00,0.00,0.00,0.43,2.18,0.12
7536,Diallo O.,C,Parma,11.18,5.77,5.68,0.16,0.00,0.00,0.00,0.00,0.28,1.32,0.14
254,Dimarco,D,Inter,28.76,6.29,6.68,3.94,0.00,0.00,0.03,0.00,5.25,2.92,0.12
2788,Bremer,D,Juventus,27.53,6.22,6.57,3.38,0.00,0.00,0.00,0.00,1.24,3.97,0.15
4159,Akanji,D,Inter,29.10,6.26,6.55,3.74,0.00,0.00,0.00,0.00,0.90,3.47,0.12
2296,Mancini,D,Roma,30.25,6.20,6.54,3.65,0.00,0.00,0.00,0.00,1.09,4.68,0.21
7181,Wesley,D,Roma,31.59,6.18,6.54,3.95,0.00,0.00,0.00,0.00,3.07,3.76,0.23
4409,Rrahmani,D,Napoli,27.07,6.26,6.54,2.35,0.00,0.00,0.00,0.00,0.79,4.12,0.13
4998,Molina N.,D,Roma,32.30,6.17,6.52,3.96,0.00,0.00,0.00,0.00,4.52,3.47,0.17
2120,Bastoni,D,Inter,29.83,6.29,6.51,2.15,0.00,0.00,0.00,0.00,2.69,3.25,0.14
5022,Pavlovic,D,Milan,30.04,6.19,6.48,2.55,0.00,0.00,0.00,0.00,1.00,3.72,0.19
4976,Kalulu,D,Juventus,28.57,6.19,6.41,1.82,0.00,0.00,0.00,0.00,2.30,3.71,0.18
6956,Solet,D,Udinese,31.53,6.18,6.40,1.98,0.00,0.13,0.13,0.00,0.94,4.46,0.15
4317,N'Dicka,D,Roma,28.45,6.18,6.40,2.38,0.00,0.00,0.00,0.00,0.86,4.52,0.21
6217,Bisseck,D,Inter,24.52,6.18,6.40,2.10,0.00,0.00,0.00,0.00,0.68,3.21,0.12
2514,Stones,D,Inter,23.32,6.19,6.38,1.75,0.00,0.00,0.00,0.00,1.77,3.34,0.15
2816,Di Lorenzo,D,Napoli,29.19,6.17,6.37,2.13,0.00,0.00,0.00,0.00,3.20,3.84,0.14
1852,Spinazzola,D,Napoli,22.63,6.11,6.23,1.00,0.00,0.00,0.00,0.00,1.59,3.71,0.14
5833,Gila,D,Milan,28.58,6.08,6.22,2.04,0.00,0.00,0.00,0.00,0.76,4.05,0.25
5526,Scalvini,D,Atalanta,27.01,6.06,6.21,1.67,0.00,0.00,0.00,0.00,0.68,4.12,0.15
4807,Hermoso,D,Roma,26.99,6.09,6.21,1.50,0.00,0.00,0.00,0.00,0.67,4.03,0.17
554,Zappacosta,D,Atalanta,25.31,6.04,6.19,0.99,0.00,0.00,0.00,0.00,1.64,3.59,0.13
5520,Cambiaso,D,Juventus,28.03,6.07,6.18,1.54,0.00,0.00,0.00,0.00,2.26,3.51,0.16
5641,Chalobah T.,D,Como,24.62,6.10,6.17,1.06,0.00,0.00,0.00,0.00,1.19,3.66,0.24
5750,Ostigard,D,Genoa,31.77,6.09,6.16,1.98,0.00,0.00,0.00,0.00,0.71,4.57,0.22
6869,Ramon,D,Como,29.52,6.09,6.16,1.38,0.00,0.00,0.00,0.00,0.55,3.76,0.17
5885,Dodò,D,Fiorentina,29.41,6.03,6.16,1.33,0.00,0.00,0.00,0.00,2.38,4.72,0.18
6727,Couto,D,Como,22.87,6.10,6.14,0.82,0.00,0.00,0.00,0.00,0.90,3.46,0.22
6496,Bartesaghi,D,Milan,23.98,6.02,6.13,0.90,0.00,0.00,0.00,0.00,1.22,3.48,0.20
4657,Celik,D,Juventus,24.03,6.06,6.13,0.81,0.00,0.00,0.00,0.00,1.36,3.36,0.18
5514,Vasquez,D,Genoa,30.64,6.04,6.12,1.65,0.00,0.00,0.00,0.00,0.68,5.24,0.22
5877,Carlos Augusto,D,Inter,21.29,6.05,6.11,1.00,0.00,0.00,0.00,0.00,1.17,3.08,0.12
4994,Vojvoda,D,Udinese,25.47,5.99,6.11,1.20,0.00,0.00,0.00,0.00,1.41,3.76,0.18
4210,Mina,D,Cagliari,26.36,6.02,6.09,1.25,0.00,0.00,0.01,0.00,0.53,4.74,0.18
5365,Dragusin,D,Fiorentina,30.02,6.01,6.09,0.85,0.00,0.00,0.00,0.00,0.64,5.88,0.17
7529,Koulierakis,D,Roma,22.75,6.05,6.09,0.78,0.00,0.00,0.00,0.00,0.96,3.59,0.29
4734,Miranda J.,D,Bologna,29.07,5.99,6.07,0.75,0.00,0.00,0.00,0.00,1.71,3.80,0.16
6531,Jimenez A.,D,Fiorentina,28.42,6.02,6.07,1.15,0.00,0.00,0.00,0.00,0.78,4.71,0.17
6814,Norton-Cuffy,D,Genoa,27.44,6.01,6.05,0.80,0.00,0.00,0.00,0.00,1.64,4.44,0.20
6046,Hien,D,Atalanta,27.39,6.05,6.05,0.80,0.00,0.00,0.00,0.00,0.44,4.88,0.16
6664,Delprato,D,Parma,30.49,6.00,6.04,0.79,0.00,0.00,0.00,0.00,0.59,4.46,0.20
5862,Valeri,D,Parma,29.27,5.97,6.03,0.71,0.00,0.00,0.01,0.00,1.21,4.38,0.21
4177,Pavard,D,Inter,20.29,6.00,6.02,0.95,0.00,0.00,0.00,0.00,0.39,3.23,0.15
4433,Zortea,D,Bologna,24.32,5.90,6.02,0.62,0.00,0.00,0.00,0.00,1.62,3.96,0.13
4401,Gabbia,D,Milan,24.09,5.93,6.01,0.89,0.00,0.00,0.00,0.00,0.42,3.86,0.22
6485,Kristensen T.,D,Atalanta,25.81,5.95,6.00,0.91,0.00,0.00,0.00,0.00,0.47,3.88,0.15
6202,Beukema,D,Napoli,21.54,5.96,6.00,0.93,0.00,0.00,0.00,0.00,0.38,3.95,0.16
5555,Kamara H.,D,Udinese,23.81,5.88,6.00,0.91,0.00,0.00,0.00,0.00,1.36,3.99,0.16
6916,Ahanor,D,Atalanta,23.16,5.96,6.00,0.63,0.00,0.00,0.00,0.00,0.52,3.58,0.15
2724,Buongiorno,D,Napoli,22.17,5.99,5.99,0.57,0.00,0.00,0.00,0.00,0.39,3.93,0.15
4887,Bellanova,D,Atalanta,23.14,5.90,5.98,0.94,0.00,0.00,0.00,0.00,1.44,3.59,0.16
6042,Lucumì,D,Bologna,28.27,5.97,5.98,0.91,0.00,0.00,0.00,0.00,0.52,5.08,0.18
7219,Bernasconi,D,Atalanta,21.83,5.92,5.97,0.60,0.00,0.00,0.00,0.00,0.99,3.78,0.14
7414,Kaiki,D,Como,23.07,5.98,5.97,0.68,0.00,0.00,0.00,0.00,0.86,3.38,0.23
460,Romagnoli,D,Lazio,30.74,5.96,5.95,0.66,0.00,0.00,0.00,0.00,0.45,5.13,0.25
5620,Tavares N.,D,Lazio,22.24,5.90,5.94,0.70,0.00,0.00,0.00,0.00,1.44,4.51,0.17
5010,Ismajli,D,Torino,26.81,5.91,5.94,0.84,0.00,0.00,0.00,0.00,0.69,5.01,0.16
2188,Marusic,D,Lazio,26.48,5.88,5.94,0.73,0.00,0.00,0.00,0.00,1.12,4.38,0.21
6642,Coco,D,Torino,30.42,5.89,5.93,0.59,0.00,0.00,0.00,0.00,0.60,5.53,0.14
6495,Comuzzo,D,Torino,22.03,5.87,5.92,0.66,0.00,0.00,0.00,0.00,0.51,4.03,0.13
2593,Martin,D,Genoa,23.75,5.88,5.92,0.47,0.00,0.00,0.14,0.00,1.08,3.87,0.20
5840,Olivera,D,Napoli,21.01,5.93,5.92,0.34,0.00,0.00,0.00,0.00,0.40,3.15,0.16
6986,Rensch,D,Roma,21.45,5.95,5.92,0.27,0.00,0.00,0.00,0.00,0.69,3.45,0.15
4751,Tomori,D,Milan,22.72,5.93,5.91,0.47,0.00,0.00,0.00,0.00,0.39,3.23,0.17
6320,Doekhi,D,Lazio,25.58,5.91,5.91,0.70,0.00,0.00,0.00,0.00,0.92,4.83,0.30
6766,Kelly L.,D,Juventus,19.36,5.92,5.90,0.25,0.00,0.00,0.00,0.00,0.30,3.12,0.16
6672,Idzes,D,Sassuolo,30.05,5.88,5.90,0.50,0.00,0.00,0.00,0.00,0.46,4.61,0.18
6867,Valle,D,Como,23.42,5.96,5.89,0.44,0.00,0.00,0.00,0.00,0.89,3.56,0.15
5678,Holm,D,Bologna,21.84,5.90,5.89,0.24,0.00,0.00,0.00,0.00,0.55,3.79,0.13
5831,Gatti,D,Juventus,17.93,5.90,5.89,0.40,0.00,0.00,0.00,0.00,0.29,3.27,0.17
6660,Marcandalli,D,Genoa,26.10,5.89,5.89,0.57,0.00,0.00,0.00,0.00,0.54,4.32,0.21
6989,Tiago Gabriel,D,Lecce,31.14,5.91,5.88,0.49,0.00,0.00,0.00,0.00,0.45,4.19,0.20
6663,Circati,D,Parma,26.61,5.91,5.88,0.64,0.00,0.00,0.00,0.00,0.47,4.63,0.17
4263,Kabasele,D,Udinese,18.77,5.86,5.88,0.36,0.00,0.00,0.00,0.00,0.27,3.09,0.15
5449,Parisi,D,Fiorentina,24.46,5.89,5.88,0.38,0.00,0.00,0.00,0.00,0.67,4.26,0.15
4952,Monterisi,D,Frosinone,25.27,5.81,5.87,0.52,0.00,0.00,0.00,0.00,0.57,4.63,0.15
7253,Bella-Kotchap,D,Venezia,24.79,5.85,5.87,0.54,0.00,0.00,0.00,0.00,0.46,4.60,0.15
4378,Ranieri L.,D,Fiorentina,9.91,5.86,5.87,0.18,0.00,0.00,0.00,0.00,0.22,2.16,0.15
5701,Obert,D,Cagliari,29.58,5.87,5.86,0.57,0.00,0.00,0.00,0.00,0.70,3.93,0.17
6893,Kempf,D,Como,22.53,5.91,5.86,0.41,0.00,0.00,0.00,0.00,0.30,3.93,0.19
7485,Mangas,D,Monza,23.00,5.80,5.85,0.70,0.00,0.00,0.00,0.00,0.90,4.20,0.16
7294,Valdepenas,D,Fiorentina,23.29,5.87,5.85,0.59,0.00,0.00,0.00,0.00,0.97,4.00,0.23
5578,Kossounou,D,Atalanta,9.17,5.90,5.85,0.12,0.00,0.00,0.00,0.00,0.17,2.15,0.14
7410,Viery,D,Fiorentina,23.33,5.88,5.85,0.59,0.00,0.00,0.00,0.00,0.98,4.00,0.23
2640,Kolasinac,D,Atalanta,21.69,5.85,5.85,0.24,0.00,0.00,0.00,0.00,0.41,3.87,0.16
7212,Heggem,D,Bologna,25.67,5.89,5.85,0.45,0.00,0.00,0.00,0.00,0.52,4.24,0.17
7175,Joao Mario,D,Fiorentina,9.61,5.84,5.85,0.13,0.00,0.00,0.00,0.00,0.25,2.16,0.15
5739,De Winter,D,Milan,13.50,5.84,5.84,0.15,0.00,0.00,0.00,0.00,0.23,2.77,0.16
5603,Pongracic,D,Fiorentina,19.37,5.85,5.84,0.20,0.00,0.00,0.00,0.00,0.30,3.35,0.17
4502,Gallo,D,Lecce,28.81,5.84,5.84,0.54,0.00,0.00,0.00,0.00,1.51,3.94,0.23
6631,Ghilardi,D,Roma,18.33,5.87,5.82,0.22,0.00,0.00,0.00,0.00,0.33,3.91,0.18
5851,Doig,D,Sassuolo,23.11,5.82,5.82,0.28,0.00,0.00,0.00,0.00,0.42,4.02,0.16
6426,Pedersen,D,Torino,24.52,5.82,5.82,0.24,0.00,0.00,0.00,0.00,0.76,4.01,0.16
7014,Smolcic I.,D,Como,19.17,5.92,5.81,0.25,0.00,0.00,0.00,0.00,0.33,3.29,0.17
7329,Obrador,D,Sassuolo,26.07,5.81,5.81,0.71,0.00,0.00,0.00,0.00,0.83,4.22,0.17
2728,Pellegrini Lu.,D,Lazio,6.87,5.80,5.81,0.22,0.00,0.00,0.00,0.00,0.18,1.71,0.17
7012,Provstgaard,D,Lazio,13.74,5.82,5.80,0.13,0.00,0.00,0.00,0.00,0.24,2.94,0.22
7125,Idrissi R.,D,Cagliari,8.50,5.77,5.80,0.19,0.00,0.00,0.00,0.00,0.22,1.89,0.14
7131,Floriani Mussolini,D,Lazio,14.43,5.81,5.80,0.13,0.00,0.00,0.00,0.00,0.26,3.13,0.22
4817,Pedraza,D,Lazio,21.81,5.84,5.79,0.28,0.00,0.00,0.00,0.00,0.59,4.21,0.30
327,Patric,D,Lazio,6.62,5.74,5.79,0.14,0.00,0.00,0.00,0.00,0.13,1.67,0.16
5273,Estupinan,D,Milan,12.17,5.80,5.79,0.15,0.00,0.00,0.00,0.00,0.25,2.46,0.17
7068,Vitik,D,Bologna,20.56,5.86,5.79,0.17,0.00,0.00,0.00,0.00,0.41,3.42,0.16
6821,Hainaut,D,Venezia,10.25,5.80,5.79,0.18,0.00,0.00,0.00,0.00,0.24,2.32,0.12
5527,Zanoli,D,Udinese,19.93,5.84,5.78,0.26,0.00,0.00,0.00,0.00,0.51,3.03,0.14
6039,Cabal,D,Juventus,6.62,5.81,5.78,0.22,0.00,0.00,0.00,0.00,0.16,1.67,0.16
7312,Arizala,D,Udinese,17.69,5.80,5.78,0.17,0.00,0.00,0.00,0.00,0.33,2.89,0.18
5757,Cittadini,D,Frosinone,12.68,5.80,5.78,0.12,0.00,0.00,0.00,0.00,0.23,2.51,0.14
5820,Bertola,D,Udinese,20.64,5.82,5.78,0.27,0.00,0.00,0.00,0.00,0.29,3.45,0.15
7407,Cuenca A.,D,Como,9.12,5.85,5.76,0.15,0.00,0.00,0.00,0.00,0.23,2.38,0.19
7469,Bracaglia,D,Frosinone,21.96,5.79,5.76,0.25,0.00,0.00,0.00,0.00,0.64,3.65,0.13
7274,Zè Pedro,D,Cagliari,21.43,5.79,5.76,0.21,0.00,0.00,0.00,0.00,0.40,3.64,0.15
6809,Marianucci,D,Napoli,5.84,5.80,5.76,0.11,0.00,0.00,0.00,0.00,0.13,1.57,0.14
5695,Haps,D,Venezia,22.30,5.81,5.75,0.27,0.00,0.00,0.00,0.00,0.64,3.80,0.13
7235,Troilo,D,Parma,11.61,5.82,5.75,0.17,0.00,0.00,0.00,0.00,0.20,2.28,0.17
2263,Lazzari,D,Lazio,9.85,5.75,5.75,0.14,0.00,0.00,0.00,0.00,0.26,2.36,0.16
7540,Akpoguma,D,Frosinone,10.17,5.78,5.75,0.17,0.00,0.00,0.00,0.00,0.24,2.49,0.12
5838,Birindelli,D,Monza,22.92,5.80,5.75,0.33,0.00,0.00,0.00,0.00,0.53,4.37,0.14
6892,Schingtienne,D,Venezia,10.30,5.78,5.75,0.11,0.00,0.00,0.00,0.00,0.19,2.33,0.12
6990,Veiga D.,D,Lecce,25.87,5.83,5.75,0.25,0.00,0.00,0.00,0.00,0.51,3.52,0.20
7537,Mitaj,D,Genoa,19.17,5.81,5.74,0.23,0.00,0.00,0.00,0.00,0.33,2.97,0.27
6673,Sverko,D,Venezia,10.34,5.80,5.74,0.17,0.00,0.00,0.00,0.00,0.18,2.37,0.13
294,Rugani,D,Juventus,6.72,5.78,5.74,0.13,0.00,0.00,0.00,0.00,0.14,1.63,0.16
6985,Candè,D,Sassuolo,14.97,5.81,5.74,0.14,0.00,0.00,0.00,0.00,0.24,3.02,0.13
7532,Kofler,D,Cagliari,20.28,5.76,5.73,0.27,0.00,0.00,0.00,0.00,0.48,3.44,0.18
5498,Casale,D,Bologna,9.24,5.84,5.73,0.13,0.00,0.00,0.00,0.00,0.18,1.87,0.16
4845,Correia T.,D,Venezia,22.66,5.80,5.73,0.22,0.00,0.00,0.00,0.00,0.48,3.87,0.14
6632,Gaspar K.,D,Lecce,27.50,5.83,5.73,0.22,0.00,0.00,0.00,0.00,0.41,4.21,0.21
6238,Oyono A.,D,Frosinone,25.17,5.82,5.73,0.22,0.00,0.00,0.00,0.00,0.71,4.22,0.12
6890,Moreno M.,D,Venezia,22.18,5.80,5.73,0.17,0.00,0.00,0.00,0.00,0.39,4.21,0.14
6638,Marin R.,D,Napoli,7.78,5.78,5.72,0.19,0.00,0.00,0.00,0.00,0.14,1.92,0.14
5481,Mazzocchi,D,Napoli,6.56,5.78,5.72,0.25,0.00,0.00,0.00,0.00,0.14,1.72,0.15
7238,Kouadio,D,Monza,11.91,5.77,5.72,0.11,0.00,0.00,0.00,0.00,0.22,2.33,0.12
7240,Siebert,D,Lecce,26.35,5.79,5.72,0.24,0.00,0.00,0.00,0.00,0.33,4.28,0.19
4925,Carboni A.,D,Monza,15.19,5.75,5.72,0.20,0.00,0.00,0.00,0.00,0.26,2.70,0.13
7538,Halhal,D,Venezia,21.13,5.75,5.71,0.23,0.00,0.00,0.00,0.00,0.46,3.65,0.13
6659,Lucchesi,D,Monza,23.33,5.75,5.71,0.23,0.00,0.00,0.00,0.00,0.50,3.80,0.14
7268,Rodriguez Ju.,D,Cagliari,13.75,5.75,5.71,0.17,0.00,0.00,0.00,0.00,0.23,2.76,0.14
7525,Diawara S.,D,Milan,5.99,5.78,5.71,0.14,0.00,0.00,0.00,0.00,0.15,1.65,0.21
4461,Zappa,D,Cagliari,22.59,5.75,5.70,0.21,0.00,0.00,0.00,0.00,0.44,3.33,0.14
7467,Calvani,D,Frosinone,18.93,5.76,5.70,0.21,0.00,0.00,0.00,0.00,0.45,3.18,0.13
5307,Valenti,D,Parma,22.69,5.80,5.70,0.27,0.00,0.00,0.00,0.00,0.27,3.98,0.18
4374,Walukiewicz,D,Sassuolo,23.64,5.76,5.70,0.19,0.00,0.00,0.00,0.00,0.31,3.76,0.16
7526,Comert,D,Torino,19.84,5.74,5.69,0.24,0.00,0.00,0.00,0.00,0.44,4.06,0.17
2115,Delli Carri,D,Monza,21.57,5.76,5.69,0.27,0.00,0.00,0.00,0.00,0.32,4.22,0.13
7255,Britschgi,D,Parma,11.93,5.78,5.69,0.13,0.00,0.00,0.00,0.00,0.23,2.31,0.17
418,Goldaniga,D,Como,6.90,5.71,5.68,0.32,0.00,0.00,0.00,0.00,0.16,1.69,0.19
4375,Terzic,D,Frosinone,21.99,5.78,5.67,0.28,0.00,0.00,0.00,0.00,0.50,3.78,0.12
6896,Van Der Brempt,D,Como,6.73,5.74,5.66,0.12,0.00,0.00,0.00,0.00,0.14,1.67,0.15
7356,Mlacic,D,Udinese,5.85,5.72,5.64,0.10,0.00,0.00,0.00,0.00,0.14,1.46,0.15
6021,Abankwah,D,Udinese,6.31,5.74,5.63,0.12,0.00,0.00,0.00,0.00,0.15,1.51,0.13
6925,Palma,D,Udinese,5.96,5.71,5.63,0.10,0.00,0.00,0.00,0.00,0.14,1.46,0.14
7260,Ziolkowski,D,Roma,5.63,5.77,5.63,0.12,0.00,0.00,0.00,0.00,0.15,1.53,0.22
5994,Ebosse,D,Udinese,7.05,5.70,5.63,0.14,0.00,0.00,0.00,0.00,0.14,1.66,0.14
252,Biraghi,D,Torino,7.71,5.65,5.62,0.14,0.00,0.00,0.02,0.00,0.28,1.76,0.13
487,De Silvestri,D,Bologna,7.12,5.66,5.61,0.14,0.00,0.00,0.00,0.00,0.14,1.64,0.14
7156,Pieragnolo,D,Sassuolo,7.17,5.72,5.61,0.13,0.00,0.00,0.00,0.00,0.15,1.73,0.15
6883,Jean,D,Lecce,7.42,5.76,5.61,0.14,0.00,0.00,0.00,0.00,0.16,1.72,0.19
7182,Ndaba,D,Lecce,7.44,5.73,5.60,0.12,0.00,0.00,0.00,0.00,0.13,1.70,0.17
7468,Gelli J.,D,Frosinone,7.07,5.75,5.59,0.14,0.00,0.00,0.00,0.00,0.17,1.88,0.12
6189,Missori,D,Sassuolo,6.79,5.67,5.58,0.19,0.00,0.00,0.00,0.00,0.15,1.57,0.14
6977,Otoa,D,Genoa,6.31,5.71,5.58,0.13,0.00,0.00,0.00,0.00,0.16,1.52,0.16
7470,Oyono J.,D,Frosinone,7.07,5.73,5.57,0.14,0.00,0.00,0.00,0.00,0.17,1.88,0.12
6244,Matturro,D,Genoa,6.19,5.71,5.56,0.18,0.00,0.00,0.00,0.00,0.15,1.49,0.17
7548,Aurelio,D,Cagliari,6.93,5.64,5.55,0.16,0.00,0.00,0.00,0.00,0.15,1.76,0.16
7413,Puczka,D,Genoa,6.58,5.76,5.55,0.12,0.00,0.00,0.00,0.00,0.17,1.90,0.24
7478,Franjic,D,Venezia,7.50,5.67,5.54,0.17,0.00,0.00,0.00,0.00,0.17,1.89,0.12
5424,Amey,D,Frosinone,7.46,5.67,5.54,0.17,0.00,0.00,0.00,0.00,0.17,1.89,0.12
7454,Gomes,D,Venezia,7.49,5.67,5.54,0.17,0.00,0.00,0.00,0.00,0.17,1.89,0.12
7476,Bakoune,D,Monza,6.09,5.67,5.54,0.13,0.00,0.00,0.00,0.00,0.18,1.66,0.12
6149,Carboni F.,D,Parma,6.46,5.75,5.54,0.13,0.00,0.00,0.00,0.00,0.14,1.66,0.17
7471,Corrado,D,Frosinone,7.46,5.65,5.53,0.17,0.00,0.00,0.00,0.00,0.17,1.89,0.12
791,Sabelli,D,Genoa,7.13,5.68,5.52,0.13,0.00,0.00,0.00,0.00,0.18,1.62,0.17
7483,Alhassane,D,Bologna,7.98,5.65,5.52,0.14,0.00,0.00,0.00,0.00,0.16,1.89,0.17
7326,Helland,D,Bologna,6.93,5.65,5.52,0.13,0.00,0.00,0.00,0.00,0.14,1.71,0.16
7202,Ndiaye,D,Parma,6.90,5.67,5.51,0.11,0.00,0.00,0.00,0.00,0.13,1.62,0.16
5399,Antov,D,Monza,7.58,5.64,5.50,0.12,0.00,0.00,0.00,0.00,0.14,1.83,0.13
6681,Sagrado,D,Venezia,6.86,5.59,5.50,0.11,0.00,0.00,0.00,0.00,0.14,1.65,0.12
4431,Carnesecchi,P,Atalanta,34.77,6.17,5.28,0.00,28.77,0.00,0.00,0.72,0.01,0.57,0.05
5841,Svilar,P,Roma,33.36,6.17,5.28,0.00,26.79,0.00,0.00,0.10,0.01,0.29,0.05
4312,Maignan,P,Milan,27.64,6.17,5.27,0.00,23.94,0.00,0.00,0.65,0.01,0.50,0.06
6966,Butez,P,Como,32.81,6.18,5.25,0.00,27.01,0.00,0.00,0.27,0.02,0.41,0.04
218,Perin,P,Juventus,7.50,6.19,5.24,0.00,8.61,0.00,0.00,0.03,0.00,0.26,0.03
5116,Martinez Jo.,P,Inter,26.83,6.21,5.23,0.00,22.17,0.00,0.00,0.10,0.04,0.28,0.04
1926,Di Gennaro,P,Inter,2.16,6.14,5.21,0.00,1.93,0.00,0.00,0.00,0.00,0.15,0.03
7301,Tornqvist,P,Como,2.98,6.12,5.20,0.00,3.29,0.00,0.00,0.00,0.00,0.23,0.03
572,Meret,P,Napoli,24.17,6.19,5.19,0.00,19.64,0.00,0.00,0.44,0.02,0.33,0.09
7048,De Marzi,P,Roma,3.52,6.12,5.19,0.00,3.66,0.00,0.00,0.00,0.00,0.23,0.03
2809,Vigorito,P,Como,1.89,6.12,5.15,0.00,1.96,0.00,0.00,0.00,0.00,0.20,0.03
4,Sportiello,P,Atalanta,2.50,6.12,5.14,0.00,3.11,0.00,0.00,0.00,0.00,0.20,0.03
6462,Okoye,P,Udinese,30.58,6.19,5.12,0.00,30.46,0.00,0.00,0.19,0.01,1.17,0.04
6813,Torriani,P,Milan,3.75,6.12,5.11,0.00,4.31,0.00,0.00,0.00,0.00,0.24,0.03
5876,Di Gregorio,P,Juventus,23.02,6.15,5.10,0.00,21.00,0.00,0.00,0.31,0.01,0.61,0.05
133,Skorupski,P,Bologna,30.04,6.18,5.09,0.00,33.54,0.00,0.00,0.34,0.01,0.99,0.05
610,Gollini,P,Roma,2.05,6.15,5.08,0.00,2.31,0.00,0.00,0.12,0.00,0.19,0.03
2170,Milinkovic-Savic V.,P,Napoli,8.88,6.15,5.08,0.00,9.85,0.00,0.00,0.69,0.00,0.41,0.04
2845,Contini,P,Napoli,1.44,6.12,5.08,0.00,1.41,0.00,0.00,0.00,0.00,0.13,0.03
2814,Provedel,P,Inter,4.65,6.16,5.05,0.00,4.10,0.00,0.00,0.06,0.00,0.20,0.03
2521,De Gea,P,Fiorentina,38.00,6.17,5.02,0.00,46.37,0.00,0.00,1.14,0.01,1.48,0.04
1930,Pinsoglio,P,Juventus,1.86,6.12,4.97,0.00,2.09,0.00,0.00,0.00,0.00,0.14,0.03
2815,Terracciano,P,Milan,2.62,6.13,4.96,0.00,2.71,0.00,0.00,0.04,0.00,0.14,0.03
6482,Mandas,P,Lazio,24.80,6.15,4.95,0.00,30.02,0.00,0.00,0.00,0.02,0.42,0.04
2134,Falcone,P,Lecce,20.19,6.19,4.94,0.00,30.79,0.00,0.00,0.78,0.01,0.74,0.04
4360,Caprile,P,Cagliari,34.71,6.19,4.93,0.00,42.50,0.00,0.00,0.13,0.00,1.05,0.03
7545,Vismara,P,Atalanta,3.52,6.11,4.92,0.00,4.50,0.00,0.00,0.00,0.00,0.24,0.03
7332,Bijlow,P,Genoa,14.70,6.19,4.89,0.00,24.05,0.00,0.00,0.00,0.00,0.82,0.03
4485,Thiam,P,Monza,11.59,6.17,4.87,0.00,18.66,0.00,0.00,0.00,0.02,0.63,0.05
4236,Muric,P,Sassuolo,18.10,6.19,4.86,0.00,23.72,0.00,0.00,0.49,0.00,0.94,0.04
543,Padelli,P,Udinese,2.67,6.16,4.80,0.00,3.38,0.00,0.00,0.00,0.00,0.15,0.03
7533,Happonen,P,Bologna,3.90,6.14,4.80,0.00,5.53,0.00,0.00,0.00,0.00,0.24,0.03
7172,Pessina Mas.,P,Bologna,3.11,6.15,4.78,0.00,4.13,0.00,0.00,0.00,0.00,0.17,0.03
6403,Christensen O.,P,Fiorentina,4.31,6.11,4.78,0.00,6.70,0.00,0.00,0.00,0.00,0.21,0.03
6248,Stankovic F.,P,Venezia,13.78,6.18,4.77,0.00,24.19,0.00,0.00,0.32,0.02,0.44,0.07
6415,Palmisani,P,Frosinone,8.24,6.16,4.76,0.00,11.42,0.00,0.00,0.00,0.01,0.50,0.04
7411,Daffara,P,Parma,11.86,6.18,4.76,0.00,12.68,0.00,0.00,0.00,0.00,0.42,0.03
6641,Suzuki,P,Parma,18.08,6.17,4.75,0.00,26.23,0.00,0.00,0.20,0.01,0.94,0.04
5707,Piana,P,Udinese,3.71,6.14,4.74,0.00,5.29,0.00,0.00,0.00,0.00,0.25,0.03
4867,Turati,P,Sassuolo,3.65,6.17,4.74,0.00,6.41,0.00,0.00,0.09,0.00,0.19,0.03
7463,Desplanches,P,Frosinone,6.95,6.16,4.73,0.00,9.36,0.00,0.00,0.00,0.01,0.39,0.04
158,Lezzerini,P,Fiorentina,2.51,6.12,4.73,0.00,3.88,0.00,0.00,0.00,0.00,0.21,0.04
6569,Stolz,P,Genoa,4.51,6.14,4.71,0.00,7.73,0.00,0.00,0.00,0.00,0.28,0.03
219,Sommariva,P,Genoa,3.02,6.15,4.71,0.00,5.49,0.00,0.00,0.00,0.00,0.16,0.03
5320,Paleari,P,Torino,3.54,6.13,4.68,0.00,5.12,0.00,0.00,0.00,0.00,0.25,0.03
6682,Pizzignacco,P,Monza,4.04,6.15,4.68,0.00,5.86,0.00,0.00,0.00,0.00,0.30,0.04
7534,Renzetti,P,Lazio,4.13,6.10,4.67,0.00,6.76,0.00,0.00,0.00,0.00,0.24,0.03
7337,Motta,P,Lazio,2.10,6.11,4.66,0.00,3.01,0.00,0.00,0.11,0.00,0.18,0.03
6671,Grandi,P,Venezia,2.32,6.13,4.65,0.00,2.93,0.00,0.00,0.00,0.00,0.26,0.04
6662,Corvi,P,Parma,4.31,6.14,4.61,0.00,6.47,0.00,0.00,0.00,0.00,0.25,0.03
7466,Lolic,P,Frosinone,5.16,6.13,4.58,0.00,7.78,0.00,0.00,0.00,0.01,0.33,0.04
7475,Strajnar,P,Monza,5.16,6.13,4.58,0.00,7.78,0.00,0.00,0.00,0.01,0.33,0.04
7531,Pozzi,P,Venezia,2.49,6.13,4.56,0.00,3.11,0.00,0.00,0.00,0.00,0.26,0.04
2127,Satalino,P,Sassuolo,4.16,6.14,4.52,0.00,7.60,0.00,0.00,0.00,0.00,0.25,0.03
6650,Sherri,P,Cagliari,3.78,6.15,4.51,0.00,7.54,0.00,0.00,0.00,0.00,0.22,0.03
7457,Mascardi,P,Torino,5.93,6.12,4.45,0.00,10.95,0.00,0.00,0.00,0.00,0.26,0.03
7363,Siviero,P,Torino,5.93,6.12,4.45,0.00,10.95,0.00,0.00,0.00,0.00,0.26,0.03
7557,Penev,P,Lecce,6.18,6.14,4.40,0.00,10.91,0.00,0.00,0.00,0.00,0.26,0.03
4518,Russo A.,P,Sassuolo,4.23,6.16,4.33,0.00,6.80,0.00,0.00,0.00,0.00,0.22,0.03
